name,degrees decimal,degrees minutes seconds
greenwich,0,0dE
lisbon,-9.131906111,"9d07'54.862""W"
paris,2.337229167,"2d20'14.025""E"
bogota,-74.08091667,"74d04'51.3""E"
madrid,-3.687938889,"3d41'16.48""W"
rome,12.45233333,"12d27'8.4""E"
bern,7.439583333,"7d26'22.5""E"
jakarta,106.8077194,"106d48'27.79""E"
ferro,-17.66666667,17d40'W
brussels,4.367975,"4d22'4.71""E"
stockholm ,18.05827778,"18d3'29.8""E"
athens,23.7163375,"23d42'58.815""E"
oslo,10.72291667,"10d43'22.5""E"
